<?xml version="1.0" encoding="UTF-8"?>
<rss version="2.0">
    <channel>
        <title>CSSA at UW-Madison</title>
        <link>https://cssawisc.com</link>
        <description>Portal of CSSA at UW-Madison</description>
        <managingEditor>(LER0ever)</managingEditor>
        <pubDate>Tue, 24 Jul 2018 15:15:40 -0500</pubDate>
        <item>
            <title>【方寸麦韵】《麦屯事·简单报》</title>
            <link>https://cssawisc.com/2018/2/22/fcmy-mts-jdb-1.html</link>
            <description>&lt;h2 id=&#34;戴上耳机-天下事尽在耳畔&#34;&gt;戴上耳机，天下事尽在耳畔&lt;/h2&gt;&#xA;&#xA;&lt;p&gt;&lt;audio
                controls&gt;&#xA; &lt;source src=&#34;http://res.wx.qq.com/voice/getvoice?mediaid=MzA5NjAzMzEwNV8yNjUwMDg5MjAx&#34;&gt;&#xA;
                Your browser does not support the audio element.&#xA;&lt;/audio&gt;&lt;/p&gt;&#xA;&#xA;&lt;!--more--&gt;&#xA;&#xA;&lt;p&gt;阅读原文报道请&lt;strong&gt;点击下方标题&lt;/strong&gt;。&lt;/p&gt;&#xA;&#xA;&lt;h3
                id=&#34;1-无性别厕所-http-www-wkow-com-story-37541073-2018-02-19-all-gender-bathrooms-near-completion-at-madison-schools&#34;&gt;1.
                &lt;a href=&#34;http://www.wkow.com/story/37541073/2018/02/19/all-gender-bathrooms-near-completion-at-madison-schools&#34;&gt;无性别厕所&lt;/a&gt;&lt;/h3&gt;&#xA;&#xA;&lt;p&gt;据社工人员Sherie
                Hohs介绍, 在接下来的几个月里，麦迪逊学区的所有48个校区都将配置无性别厕所。&lt;/p&gt;&#xA;&#xA;&lt;h3 id=&#34;2-保健中心获认证-https-news-wisc-edu-three-uw-madison-child-care-centers-earn-national-accreditation&#34;&gt;2.
                &lt;a href=&#34;https://news.wisc.edu/three-uw-madison-child-care-centers-earn-national-accreditation/&#34;&gt;保健中心获认证&lt;/a&gt;&lt;/h3&gt;&#xA;&#xA;&lt;p&gt;UW-Madison
                Child Care and Family Resources(OCCFR)近日宣布，校园内的三家儿童保健中心获得了国家级儿童早教项目（NECPA) 的认证。&lt;/p&gt;&#xA;&#xA;&lt;h3
                id=&#34;3-兄弟会被禁-https-www-jsonline-com-story-news-education-2018-02-19-theta-chi-fraternity-uw-madison-suspended-underage-drinking-wild-party-353221002&#34;&gt;3.
                &lt;a href=&#34;https://www.jsonline.com/story/news/education/2018/02/19/theta-chi-fraternity-uw-madison-suspended-underage-drinking-wild-party/353221002/&#34;&gt;兄弟会被禁&lt;/a&gt;&lt;/h3&gt;&#xA;&#xA;&lt;p&gt;UW-Madison的Theta
                Chi 兄弟会日前被学校禁止在今年十月之前举行任何活动。&lt;/p&gt;&#xA;&#xA;&lt;h3 id=&#34;4-雨雪天气小心驾驶-http-www-wkow-com-story-37543579-2018-02-20-poor-road-conditions-reported-in-many-counties&#34;&gt;4.
                &lt;a href=&#34;http://www.wkow.com/story/37543579/2018/02/20/poor-road-conditions-reported-in-many-counties&#34;&gt;雨雪天气小心驾驶&lt;/a&gt;&lt;/h3&gt;&#xA;&#xA;&lt;hr
                /&gt;&#xA;&#xA;&lt;h2 id=&#34;校内活动&#34;&gt;校内活动&lt;/h2&gt;&#xA;&#xA;&lt;h3 id=&#34;1-学生艺术展-https-today-wisc-edu-events-view-120405&#34;&gt;1.
                &lt;a href=&#34;https://today.wisc.edu/events/view/120405&#34;&gt;学生艺术展&lt;/a&gt;&lt;/h3&gt;&#xA;&#xA;&lt;p&gt;2月23日本周五，WUD
                Art将在Union South举办第九十届学生艺术展，展出时间为早上十点到晚上八点&lt;/p&gt;&#xA;&#xA;&lt;h3 id=&#34;2-篮球赛-https-today-wisc-edu-events-view-118867&#34;&gt;2.
                &lt;a href=&#34;https://today.wisc.edu/events/view/118867&#34;&gt;篮球赛&lt;/a&gt;&lt;/h3&gt;&#xA;&#xA;&lt;p&gt;2月25日星期天，UW-Madison男子篮球队将于在主场Khol
                Center迎战Michigan State University，比赛时间为中午12点&lt;/p&gt;&#xA;&#xA;&lt;h3 id=&#34;3-歌剧演出-https-today-wisc-edu-events-view-112507&#34;&gt;3.
                &lt;a href=&#34;https://today.wisc.edu/events/view/112507&#34;&gt;歌剧演出&lt;/a&gt;&lt;/h3&gt;&#xA;&#xA;&lt;p&gt;2月25日星期天，University
                Opera将在Memorial Union- Shannon Hall带来著名歌剧《波西米亚人》的特别演出，演出时间为下午三点&lt;/p&gt;&#xA;&#xA;&lt;blockquote&gt;&#xA;&lt;p&gt;播音员：
                海洋&lt;br /&gt;&#xA;素材收集：许可，胡雨涵，海洋&lt;br /&gt;&#xA;文宣制作：孙可欣&lt;/p&gt;&#xA;&lt;/blockquote&gt;&#xA;
            </description>
            <author>方寸麦韵</author>
            <pubDate>Thu, 22 Feb 2018 00:00:00 +0000</pubDate>
        </item>
    </channel>
</rss>